{
 "allow_comments": 0,
 "allow_delete": 0,
 "allow_edit": 0,
 "allow_incomplete": 0,
 "allow_multiple": 0,
 "allow_print": 0,
 "anonymous": 0,
 "apply_document_permissions": 0,
 "button_label": "Save",
 "condition_json": "[]",
 "creation": "2024-10-03 16:07:38.598423",
 "doc_type": "Contact Us",
 "docstatus": 0,
 "doctype": "Web Form",
 "idx": 0,
 "is_standard": 1,
 "list_columns": [],
 "login_required": 0,
 "max_attachment_size": 0,
 "modified": "2024-10-03 16:07:52.734964",
 "modified_by": "Administrator",
 "module": "Mode",
 "name": "contact-us",
 "owner": "Administrator",
 "published": 1,
 "route": "contact-us",
 "show_attachments": 0,
 "show_list": 0,
 "show_sidebar": 0,
 "title": "Contact Us",
 "web_form_fields": [
  {
   "allow_read_on_all_link_options": 0,
   "fieldname": "name1",
   "fieldtype": "Data",
   "hidden": 0,
   "label": "Name",
   "max_length": 0,
   "max_value": 0,
   "precision": "",
   "read_only": 0,
   "reqd": 0,
   "show_in_filter": 0
  },
  {
   "allow_read_on_all_link_options": 0,
   "fieldname": "massage",
   "fieldtype": "Small Text",
   "hidden": 0,
   "label": "Massage",
   "max_length": 0,
   "max_value": 0,
   "precision": "",
   "read_only": 0,
   "reqd": 0,
   "show_in_filter": 0
  }
 ]
}