{
 "actions": [],
 "allow_rename": 1,
 "autoname": "format:{id}",
 "creation": "2024-09-28 00:52:35.461101",
 "doctype": "DocType",
 "editable_grid": 1,
 "engine": "InnoDB",
 "field_order": [
  "id",
  "name1"
 ],
 "fields": [
  {
   "fieldname": "id",
   "fieldtype": "Link",
   "in_list_view": 1,
   "label": "Id",
   "options": "Crew Members Info",
   "reqd": 1
  },
  {
   "fetch_from": "id.name1",
   "fieldname": "name1",
   "fieldtype": "Data",
   "in_list_view": 1,
   "label": "Name",
   "reqd": 1
  }
 ],
 "index_web_pages_for_search": 1,
 "istable": 1,
 "links": [],
 "modified": "2024-09-28 03:17:41.531899",
 "modified_by": "Administrator",
 "module": "Mode",
 "name": "Crew Members",
 "naming_rule": "Expression",
 "owner": "Administrator",
 "permissions": [],
 "sort_field": "creation",
 "sort_order": "DESC",
 "states": []
}